model	frames	total_time	avg_time	fps
apple_depth_pro	3	12.463420629501343	4.154473543167114	0.24
