{
  "apple_depth_pro": {
    "frames_processed": 3,
    "total_time": 12.089050054550171,
    "avg_time_per_frame": 4.029683351516724,
    "device": "mps"
  },
  "video_depth_anything": {
    "frames_processed": 3,
    "total_time": 13.964018106460571,
    "avg_time_per_frame": 4.6546727021535235,
    "device": "mps"
  }
}